1,2,3
Hayvanlar Senfonisi Dan Brown,"88,00 TL","52,80 TL"
Umberto Arte ile Sanat: Sanatçılar-Akımlar-Resimler-Mitoloji,"68,00 TL","34,00 TL"
Yuval Noah Harari Seti-3 Kitap Takım,"185,00 TL","111,00 TL"
Türkiye Gastronomi Atlası,"166,00 TL","99,60 TL"
Matematik Gezegeni 1. Sınıf (3 kitap takım),"80,00 TL","48,00 TL"
Arsen Lüpen Seti-3 Kitap Takım,"66,00 TL","36,30 TL"
Son Davet Kur'an,"168,00 TL","134,40 TL"
Tanrılar Okulu,"65,00 TL","39,00 TL"
Lordlar ve Varisler - Hepimiz Gökyüzü Olmak İstedik (Özel...,"75,00 TL","45,00 TL"
Avuçlarımda Hala Sıcaklığın Var,"58,00 TL","34,80 TL"
Hamilelik & Doğum,"125,00 TL","75,00 TL"
Dune,"65,00 TL","39,00 TL"
Bir Borsa Spekülatörünün Anıları,"94,00 TL","56,40 TL"
Gayriresmi Harry Potter Yemek Kitabı,"69,00 TL","41,40 TL"
Hayvanlardan Tanrılara - Sapiens,"65,00 TL","39,00 TL"
English Grammar Today Türkçe Açıklamalı İngilizce Gramer,"85,00 TL","51,00 TL"
Eğer Bugün Ormana Gidersen - 100'den Fazla Ara-Bul Etkinl...,"59,90 TL","35,95 TL"
Matematik Gezegeni 2.Sınıf Seti-3 Kitap Takım,"80,00 TL","48,00 TL"
Mustafa Kemal Atatürk Serisi-10 Kitap Takım,"99,00 TL","59,40 TL"
Kendiniz Olma Alışkanlığını Kırmak,"86,00 TL","51,60 TL"
Matematik Gezegeni 4.Sınıf Seti-3 Kitap Takım,"80,00 TL","48,00 TL"
Sıradan Zaferler,"110,00 TL","66,00 TL"
Ağaç Atlası-Harita Hediyeli,"66,00 TL","39,60 TL"
Antrenmanlarla Matematik - 1,"83,00 TL","49,80 TL"
Theta Healing-Sıra Dışı Enerji Yaklaşımına Giriş,"62,00 TL","37,20 TL"
Yeni Başlayanlar İçin HTML5 CSS3 & Javascript,"67,50 TL","54,00 TL"
Semboller & İşaretler,"200,00 TL","120,00 TL"
Vakıf İleri,"60,00 TL","36,00 TL"
Hayvan Atlası,"66,00 TL","39,60 TL"
Kendini İyileştirme İşi Nasıl Yapılır?,"60,00 TL","36,00 TL"
Matematik Gezegeni 3.Sınıf Seti-3 Kitap Takım,"80,00 TL","48,00 TL"
The Secret - Sır,"75,00 TL","45,00 TL"
Kahramanın Sonsuz Yolculuğu,"60,00 TL","36,00 TL"
Bağışıklığı Beslemek,"68,00 TL","40,80 TL"
Otostopçunun Galaksi Rehberi-5 Kitap Bir Arada,"135,00 TL","81,00 TL"
Trend Takipçisi,"96,00 TL","57,60 TL"
